tn,fp,fn,tp,accuracy,precision,recall,f1,prevalence,threshold_used
457,7390,4,149,0.07575,0.019763894415705002,0.9738562091503268,0.03874154966198648,0.019125,0.85
